co_municipio,no_municipio,nu_ano_censo,nu_populacao_18_24,nu_cursos_presenciais,nu_vagas_presenciais,vagas_por_100_jovens,is_deserto
5100102,Acorizal - MT,2024,352,0,0,0.00,true
5100201,Água Boa - MT,2024,3287,3,156,4.75,false
5100250,Alta Floresta - MT,2024,6445,14,646,10.02,false
5100300,Alto Araguaia - MT,2024,1699,3,123,7.24,false
5100359,Alto Boa Vista - MT,2024,696,0,0,0.00,true
5100409,Alto Garças - MT,2024,1444,0,0,0.00,true
5100508,Alto Paraguai - MT,2024,691,1,0,0.00,true
5100607,Alto Taquari - MT,2024,1285,0,0,0.00,true
5100805,Apiacás - MT,2024,951,0,0,0.00,true
5101001,Araguaiana - MT,2024,306,0,0,0.00,true
5101209,Araguainha - MT,2024,78,0,0,0.00,true
5101258,Araputanga - MT,2024,1548,8,284,18.35,false
5101308,Arenápolis - MT,2024,1107,0,0,0.00,true
5101407,Aripuanã - MT,2024,2948,3,16,0.54,false
5101605,Barão de Melgaço - MT,2024,626,0,0,0.00,true
5101704,Barra do Bugres - MT,2024,3077,10,579,18.82,false
5101803,Barra do Garças - MT,2024,7903,52,4990,63.14,false
5101852,Bom Jesus do Araguaia - MT,2024,778,0,0,0.00,true
5101902,Brasnorte - MT,2024,1896,1,0,0.00,true
5102504,Cáceres - MT,2024,9775,32,7208,73.74,false
5102603,Campinápolis - MT,2024,1821,0,0,0.00,true
5102637,Campo Novo do Parecis - MT,2024,5928,9,350,5.90,false
5102678,Campo Verde - MT,2024,5433,6,235,4.33,false
5102686,Campos de Júlio - MT,2024,1057,2,0,0.00,true
5102694,Canabrava do Norte - MT,2024,416,0,0,0.00,true
5102702,Canarana - MT,2024,2833,1,128,4.52,false
5102793,Carlinda - MT,2024,921,0,0,0.00,true
5102850,Castanheira - MT,2024,736,0,0,0.00,true
5103007,Chapada dos Guimarães - MT,2024,1670,0,0,0.00,true
5103056,Cláudia - MT,2024,975,0,0,0.00,true
5103106,Cocalinho - MT,2024,574,0,0,0.00,true
5103205,Colíder - MT,2024,2994,16,869,29.02,false
5103254,Colniza - MT,2024,2881,1,45,1.56,false
5103304,Comodoro - MT,2024,1929,1,0,0.00,true
5103353,Confresa - MT,2024,4148,9,145,3.50,false
5103361,Conquista D'Oeste - MT,2024,392,0,0,0.00,true
5103379,Cotriguaçu - MT,2024,1146,0,0,0.00,true
5103403,Cuiabá - MT,2024,67493,204,22158,32.83,false
5103437,Curvelândia - MT,2024,502,0,0,0.00,true
5103452,Denise - MT,2024,772,0,0,0.00,true
5103502,Diamantino - MT,2024,2223,8,409,18.40,false
5103601,Dom Aquino - MT,2024,597,0,0,0.00,true
5103700,Feliz Natal - MT,2024,1255,0,0,0.00,true
5103809,Figueirópolis D'Oeste - MT,2024,267,0,0,0.00,true
5103858,Gaúcha do Norte - MT,2024,931,0,0,0.00,true
5103908,General Carneiro - MT,2024,642,0,0,0.00,true
5103957,Glória D'Oeste - MT,2024,217,0,0,0.00,true
5104104,Guarantã do Norte - MT,2024,3474,33,3484,100.29,false
5104203,Guiratinga - MT,2024,932,0,0,0.00,true
5104500,Indiavaí - MT,2024,215,1,0,0.00,true
5104526,Ipiranga do Norte - MT,2024,942,0,0,0.00,true
5104542,Itanhangá - MT,2024,824,0,0,0.00,true
5104559,Itaúba - MT,2024,473,0,0,0.00,true
5104609,Itiquira - MT,2024,1174,1,5,0.43,false
5104807,Jaciara - MT,2024,2913,9,785,26.95,false
5104906,Jangada - MT,2024,695,0,0,0.00,true
5105002,Jauru - MT,2024,795,0,0,0.00,true
5105101,Juara - MT,2024,3425,9,620,18.10,false
5105150,Juína - MT,2024,4871,13,824,16.92,false
5105176,Juruena - MT,2024,1101,0,0,0.00,true
5105200,Juscimeira - MT,2024,865,0,0,0.00,true
5105234,Lambari D'Oeste - MT,2024,470,0,0,0.00,true
5105259,Lucas do Rio Verde - MT,2024,10483,23,1349,12.87,false
5105309,Luciara - MT,2024,273,3,0,0.00,true
5105507,Vila Bela da Santíssima Trindade - MT,2024,1733,2,0,0.00,true
5105580,Marcelândia - MT,2024,1172,3,32,2.73,false
5105606,Matupá - MT,2024,2266,4,196,8.65,false
5105622,Mirassol d'Oeste - MT,2024,2706,0,0,0.00,true
5105903,Nobres - MT,2024,1501,0,0,0.00,true
5106000,Nortelândia - MT,2024,519,0,0,0.00,true
5106109,Nossa Senhora do Livramento - MT,2024,964,1,60,6.22,false
5106158,Nova Bandeirantes - MT,2024,1215,0,0,0.00,true
5106174,Nova Nazaré - MT,2024,462,0,0,0.00,true
5106182,Nova Lacerda - MT,2024,658,1,0,0.00,true
5106190,Nova Santa Helena - MT,2024,400,0,0,0.00,true
5106208,Nova Brasilândia - MT,2024,321,0,0,0.00,true
5106216,Nova Canaã do Norte - MT,2024,1059,1,4,0.38,false
5106224,Nova Mutum - MT,2024,6995,11,943,13.48,false
5106232,Nova Olímpia - MT,2024,1887,0,0,0.00,true
5106240,Nova Ubiratã - MT,2024,1294,0,0,0.00,true
5106257,Nova Xavantina - MT,2024,2596,6,368,14.18,false
5106265,Novo Mundo - MT,2024,610,0,0,0.00,true
5106273,Novo Horizonte do Norte - MT,2024,241,0,0,0.00,true
5106281,Novo São Joaquim - MT,2024,572,0,0,0.00,true
5106299,Paranaíta - MT,2024,1130,0,0,0.00,true
5106307,Paranatinga - MT,2024,2876,1,0,0.00,true
5106315,Novo Santo Antônio - MT,2024,193,0,0,0.00,true
5106372,Pedra Preta - MT,2024,1841,0,0,0.00,true
5106422,Peixoto de Azevedo - MT,2024,3625,0,0,0.00,true
5106455,Planalto da Serra - MT,2024,286,0,0,0.00,true
5106505,Poconé - MT,2024,2899,0,0,0.00,true
5106653,Pontal do Araguaia - MT,2024,723,8,564,78.01,false
5106703,Ponte Branca - MT,2024,144,0,0,0.00,true
5106752,Pontes e Lacerda - MT,2024,5874,11,428,7.29,false
5106778,Porto Alegre do Norte - MT,2024,1201,0,0,0.00,true
5106802,Porto dos Gaúchos - MT,2024,550,0,0,0.00,true
5106828,Porto Esperidião - MT,2024,1085,0,0,0.00,true
5106851,Porto Estrela - MT,2024,248,0,0,0.00,true
5107008,Poxoréu - MT,2024,1939,0,0,0.00,true
5107040,Primavera do Leste - MT,2024,10335,25,2012,19.47,false
5107065,Querência - MT,2024,3520,2,100,2.84,false
5107107,São José dos Quatro Marcos - MT,2024,1522,13,6279,412.55,false
5107156,Reserva do Cabaçal - MT,2024,178,0,0,0.00,true
5107180,Ribeirão Cascalheira - MT,2024,1001,0,0,0.00,true
5107198,Ribeirãozinho - MT,2024,246,0,0,0.00,true
5107206,Rio Branco - MT,2024,425,0,0,0.00,true
5107248,Santa Carmem - MT,2024,576,0,0,0.00,true
5107263,Santo Afonso - MT,2024,199,0,0,0.00,true
5107297,São José do Povo - MT,2024,169,0,0,0.00,true
5107305,São José do Rio Claro - MT,2024,1525,0,0,0.00,true
5107354,São José do Xingu - MT,2024,683,0,0,0.00,true
5107404,São Pedro da Cipa - MT,2024,390,0,0,0.00,true
5107578,Rondolândia - MT,2024,404,0,0,0.00,true
5107602,Rondonópolis - MT,2024,26040,68,4907,18.84,false
5107701,Rosário Oeste - MT,2024,1283,0,0,0.00,true
5107743,Santa Cruz do Xingu - MT,2024,288,0,0,0.00,true
5107750,Salto do Céu - MT,2024,318,0,0,0.00,true
5107768,Santa Rita do Trivelato - MT,2024,273,0,0,0.00,true
5107776,Santa Terezinha - MT,2024,747,0,0,0.00,true
5107792,Santo Antônio do Leste - MT,2024,466,0,0,0.00,true
5107800,Santo Antônio de Leverger - MT,2024,1405,1,35,2.49,false
5107859,São Félix do Araguaia - MT,2024,1434,1,0,0.00,true
5107875,Sapezal - MT,2024,3855,0,0,0.00,true
5107883,Serra Nova Dourada - MT,2024,132,0,0,0.00,true
5107909,Sinop - MT,2024,25253,73,6001,23.76,false
5107925,Sorriso - MT,2024,13879,33,3003,21.64,false
5107941,Tabaporã - MT,2024,967,0,0,0.00,true
5107958,Tangará da Serra - MT,2024,12323,30,1779,14.44,false
5108006,Tapurah - MT,2024,1738,0,0,0.00,true
5108055,Terra Nova do Norte - MT,2024,1048,1,0,0.00,true
5108105,Tesouro - MT,2024,211,0,0,0.00,true
5108204,Torixoréu - MT,2024,352,0,0,0.00,true
5108303,União do Sul - MT,2024,392,0,0,0.00,true
5108352,Vale de São Domingos - MT,2024,212,0,0,0.00,true
5108402,Várzea Grande - MT,2024,32489,48,9675,29.78,false
5108501,Vera - MT,2024,1437,0,0,0.00,true
5108600,Vila Rica - MT,2024,2284,3,1,0.04,false
5108808,Nova Guarita - MT,2024,447,0,0,0.00,true
5108857,Nova Marilândia - MT,2024,354,0,0,0.00,true
5108907,Nova Maringá - MT,2024,698,0,0,0.00,true
5108956,Nova Monte Verde - MT,2024,818,0,0,0.00,true
