modalidade,nu_ano_ingresso,nu_ano_referencia,nu_ano_curso,nu_cursos,qt_ingressante,qt_permanencia,qt_concluinte_ano,qt_desistencia_ano,qt_concluinte_acum,qt_desistencia_acum,qt_falecido_acum,taxa_desistencia_acum,taxa_conclusao_acum,taxa_permanencia,taxa_desistencia_ano,taxa_desistencia_sobre_ativos,is_ano_maior_perda
Presencial,2015,2015,1,515,41918,38764,280,2871,280,2871,,6.85,0.67,92.48,6.85,6.85,false
Presencial,2015,2016,2,515,41918,31078,698,6985,978,9856,,23.51,2.33,74.14,16.66,18.02,true
Presencial,2015,2017,3,515,41918,25837,1320,3915,2298,13771,12,32.85,5.48,61.64,9.34,12.60,false
Presencial,2015,2018,4,515,41918,19554,3084,3193,5382,16964,18,40.47,12.84,46.65,7.62,12.36,false
Presencial,2015,2019,5,515,41918,10389,4565,4595,9947,21559,23,51.43,23.73,24.78,10.96,23.50,false
Presencial,2015,2020,6,515,41918,4744,4256,1383,14203,22942,29,54.73,33.88,11.32,3.30,13.31,false
Presencial,2015,2021,7,515,41918,2855,1167,722,15370,23664,29,56.45,36.67,6.81,1.72,15.22,false
Presencial,2015,2022,8,515,41918,1943,574,338,15944,24002,29,57.26,38.04,4.64,0.81,11.84,false
Presencial,2015,2023,9,515,41918,811,168,964,16112,24966,29,59.56,38.44,1.93,2.30,49.61,false
Presencial,2015,2024,10,515,41918,544,141,126,16253,25092,29,59.86,38.77,1.30,0.30,15.54,false
Presencial,2020,2020,1,621,28985,22031,227,6725,227,6725,,23.20,0.78,76.01,23.20,23.20,true
Presencial,2020,2021,2,621,28985,18598,651,2780,878,9505,,32.79,3.03,64.16,9.59,12.62,false
Presencial,2020,2022,3,621,28985,15435,679,2482,1557,11987,,41.36,5.37,53.25,8.56,13.35,false
Presencial,2020,2023,4,621,28985,11688,1346,2398,2903,14385,,49.63,10.02,40.32,8.27,15.54,false
Presencial,2020,2024,5,621,28985,6297,3390,1999,6293,16384,11,56.53,21.71,21.73,6.90,17.10,false
