cpc_faixa,rede,nu_cursos,qt_ingressante,qt_desistencia_marco,taxa_desistencia_marco
1,Privada,4,148,56,37.84
2,Privada,63,6097,2856,46.87
2,Pública,20,1240,381,30.75
3,Privada,162,24012,11976,49.89
3,Pública,99,9797,3505,35.79
4,Privada,59,9690,4814,49.71
4,Pública,62,6908,1726,25.00
5,Privada,9,1193,664,55.70
5,Pública,2,212,45,21.23
Não avaliado,Privada,157,7341,3580,48.79
Não avaliado,Pública,36,2277,710,31.18
Sem conceito (SC),Privada,29,1931,1030,53.34
Sem conceito (SC),Pública,1,57,,10.53
