fator,quartil,pct_min,pct_max,nu_cursos,qt_ingressante,qt_desistencia_marco,taxa_desistencia_marco,correlacao_pearson
Apoio social,1,0.00,0.00,134,19571,9966,50.94,-0.196
Apoio social,2,0.00,0.00,133,17666,8823,49.97,-0.196
Apoio social,3,0.00,4.34,133,14938,6542,43.81,-0.196
Apoio social,4,4.61,100.00,133,13718,3631,26.48,-0.196
Escola pública no ensino médio,1,14.62,75.78,134,20259,7943,39.22,0.024
Escola pública no ensino médio,2,75.79,85.18,133,21506,10866,50.54,0.024
Escola pública no ensino médio,3,85.19,92.42,133,13944,6550,46.99,0.024
Escola pública no ensino médio,4,92.42,100.00,133,10184,3603,35.39,0.024
FIES ou ProUni,1,0.00,0.00,134,12097,3807,31.48,0.338
FIES ou ProUni,2,0.00,1.63,133,12257,4072,33.24,0.338
FIES ou ProUni,3,1.80,14.00,133,15836,7348,46.42,0.338
FIES ou ProUni,4,14.10,100.00,133,25703,13735,53.45,0.338
"Pretos, pardos e indígenas",1,0.00,52.98,134,16994,7191,42.34,-0.110
"Pretos, pardos e indígenas",2,52.99,61.30,133,17262,7241,41.95,-0.110
"Pretos, pardos e indígenas",3,61.40,70.00,133,16858,7541,44.74,-0.110
"Pretos, pardos e indígenas",4,70.05,100.00,133,14779,6989,47.32,-0.110
Reserva de vagas (cotas),1,0.00,0.00,134,17485,8753,50.07,-0.488
Reserva de vagas (cotas),2,0.00,0.00,133,16492,8011,48.60,-0.488
Reserva de vagas (cotas),3,0.00,2.83,133,17958,8665,48.27,-0.488
Reserva de vagas (cotas),4,2.89,61.54,133,13958,3533,25.32,-0.488
Turno noturno,1,0.00,47.20,134,17324,5514,31.85,0.374
Turno noturno,2,47.41,100.00,133,25243,12532,49.66,0.374
Turno noturno,3,100.00,100.00,133,12024,5549,46.17,0.374
Turno noturno,4,100.00,100.00,133,11302,5367,47.50,0.374
